score,window_index
0.46809518,19
0.46692082,20
0.47341332,21
0.47937948,22
0.48740143,23
0.48460847,24
0.48184848,25
0.48920274,26
0.47629312,27
0.45671654,28
0.4544956,29
0.46023887,30
0.45530492,31
0.45740357,32
0.44878826,33
0.44631234,34
0.45153853,35
0.4571381,36
0.4514711,37
0.42713967,38
0.43518472,39
0.43929377,40
0.44611835,41
0.45135704,42
0.45123178,43
0.45291167,44
0.44511735,45
0.437249,46
0.88645065,47
1.0560693,48
1.2181121,49
1.3651936,50
1.4958895,51
1.7783359,52
1.9342203,53
2.074517,54
2.1955473,55
2.326668,56
2.4582725,57
2.6192899,58
2.7351365,59
3.3731976,60
3.3937955,61
3.3729281,62
3.3656254,63
3.3869996,64
3.36119,65
3.3774514,66
2.9388824,67
2.8084981,68
2.6483717,69
2.5220475,70
2.402228,71
2.1038744,72
1.9522868,73
1.8363278,74
1.7061403,75
1.5786117,76
1.4511895,77
1.2259425,78
1.0228096,79
0.3818915,80
0.37042153,81
0.35663083,82
0.35540667,83
0.352984,84
0.36185142,85
0.35483882,86
0.3545923,87
0.34384254,88
0.33440888,89
0.343583,90
0.3517498,91
0.36344498,92
0.37639192,93
0.37069637,94
0.37239984,95
0.38229775,96
0.39584538,97
0.39623845,98
0.40689337,99
0.4328431,100
0.44270507,101
0.44018444,102
0.47260353,103
0.49425375,104
0.4782278,105
0.48600543,106
0.4858758,107
0.47811344,108
0.46921608,109
0.47650763,110
0.46584594,111
0.4591069,112
0.4521627,113
0.46586555,114
0.47356173,115
0.47534272,116
0.4797014,117
0.49355653,118
0.51748866,119
0.50411105,120
0.5156639,121
0.52214193,122
0.49112746,123
0.45353723,124
0.46515134,125
0.4588467,126
0.45937622,127
0.46863636,128
0.4713068,129
0.45482367,130
0.4616169,131
0.46392798,132
0.47042748,133
0.44533837,134
0.42297623,135
0.42160174,136
0.39323056,137
0.38566124,138
0.36549515,139
0.35993114,140
0.35214326,141
0.3564374,142
0.35934082,143
0.36417753,144
0.36667854,145
0.37508738,146
0.38861084,147
0.40231457,148
0.39749444,149
0.39549705,150
0.40492135,151
0.41842622,152
0.4199528,153
0.42021897,154
0.4244046,155
0.42008072,156
0.43133208,157
0.44377482,158
0.4386226,159
0.4230829,160
0.4111838,161
0.40186912,162
0.38993636,163
0.38696587,164
0.38827103,165
0.37477943,166
0.382837,167
0.38801792,168
0.40033242,169
0.4203258,170
0.42384052,171
0.45443314,172
0.45972726,173
0.47988358,174
0.50169164,175
0.5031514,176
0.5082191,177
0.5061687,178
0.5039665,179
0.54113084,180
0.584096,181
0.5810579,182
0.5960592,183
0.598076,184
0.5895923,185
0.5893051,186
0.5760693,187
0.55950373,188
0.55287796,189
0.53829354,190
0.53303224,191
0.5077707,192
0.4905706,193
0.47200218,194
0.44399178,195
0.4612705,196
0.44826308,197
0.45065618,198
0.4590554,199
0.44316936,200
0.3999173,201
0.41444898,202
0.40717933,203
0.39226,204
0.39112216,205
0.39336678,206
0.39786473,207
0.40972528,208
0.39884353,209
0.39673316,210
0.3992102,211
0.41466552,212
0.41477403,213
0.4172647,214
0.40688828,215
0.38869056,216
0.3877472,217
0.3848487,218
0.38190803,219
0.36668146,220
0.37640202,221
0.38206986,222
0.39826593,223
0.40938133,224
0.40823945,225
0.39734665,226
0.3925399,227
0.3809289,228
0.39512154,229
0.3968222,230
0.4002316,231
0.39590853,232
0.38879478,233
0.386561,234
0.3915095,235
0.4073061,236
0.41307473,237
0.40910676,238
0.40230066,239
0.41753083,240
0.41717938,241
0.4058738,242
0.4162941,243
0.4874845,244
0.49254858,245
0.48966575,246
0.51073766,247
0.51468384,248
0.5075815,249
0.5441159,250
0.5267432,251
0.60444903,252
0.6007438,253
0.61050075,254
0.6078772,255
1.3595353,256
1.5389639,257
1.6820741,258
1.8303162,259
2.1184015,260
2.2487736,261
2.3793013,262
2.5856385,263
2.680558,264
2.9414856,265
3.0784538,266
3.279989,267
3.4552546,268
3.5745893,269
3.6951203,270
3.8296084,271
4.064911,272
4.0900054,273
4.1141353,274
4.105717,275
3.361003,276
3.1870337,277
3.0942852,278
2.9813595,279
2.698764,280
2.5566144,281
2.4568248,282
2.2236862,283
2.067208,284
1.8172439,285
1.7269928,286
1.5195279,287
1.3728416,288
1.1481677,289
0.9114314,290
0.68920046,291
0.36470163,292
0.37276223,293
0.38458157,294
0.3922195,295
0.39254868,296
0.38674477,297
0.39357474,298
0.38285103,299
0.3857934,300
0.382437,301
0.39059246,302
0.4146595,303
0.41388157,304
0.41573295,305
0.42390138,306
0.42560944,307
0.4267404,308
0.420457,309
0.41722134,310
0.41606727,311
0.41717947,312
0.4034538,313
0.3690549,314
0.36958393,315
0.37790656,316
0.39155787,317
0.3925879,318
0.39581963,319
0.39689064,320
0.40607122,321
0.40771407,322
0.39157885,323
0.41594523,324
0.4279808,325
0.42423475,326
0.44203353,327
0.44938117,328
0.44981414,329
0.4454203,330
0.4414335,331
0.44390512,332
0.43109637,333
0.4133511,334
0.41525784,335
0.41680762,336
0.40028045,337
0.38540334,338
0.39394498,339
0.38589236,340
0.3848091,341
0.3827175,342
0.39242408,343
0.37406868,344
0.37695023,345
0.3756849,346
0.35481507,347
0.34231728,348
0.33448273,349
0.34146369,350
0.34026727,351
0.32908386,352
0.37283942,353
0.37457612,354
0.38737053,355
0.38754612,356
0.3946225,357
0.38721004,358
0.37509513,359
0.36688057,360
0.36670417,361
0.3839861,362
0.3744139,363
0.3721357,364
0.37619323,365
0.38436088,366
0.39391136,367
0.39720726,368
0.42049012,369
0.4215127,370
0.42507854,371
0.4318519,372
0.39538357,373
0.42428467,374
0.42035323,375
0.4431719,376
0.44750136,377
0.452295,378
0.44737256,379
0.4410318,380
0.43842086,381
0.4496237,382
0.4556051,383
0.45568687,384
0.44208497,385
0.43718517,386
0.42445412,387
0.43960372,388
0.4281661,389
0.44730064,390
0.44736862,391
0.44593322,392
0.44303867,393
0.42219505,394
0.46027017,395
0.440118,396
0.4473784,397
0.44987935,398
0.46643624,399
0.4799147,400
0.48332867,401
0.45708808,402
0.45303425,403
0.44925272,404
0.449633,405
0.44985703,406
0.45289412,407
0.43049675,408
0.4198715,409
0.39940777,410
0.39421806,411
0.38495445,412
0.37916717,413
0.3732643,414
0.32941762,415
0.33003816,416
0.31351012,417
0.3133432,418
0.317174,419
0.3098072,420
0.3369019,421
0.33939877,422
0.34625757,423
0.36999482,424
0.37629613,425
0.40381134,426
0.40530983,427
0.40416673,428
0.40306526,429
0.4070164,430
0.4286713,431
0.43228003,432
0.43777823,433
0.45880166,434
0.4604743,435
0.45819762,436
0.46121293,437
0.45457458,438
0.43980315,439
0.44033,440
0.42536092,441
0.4180246,442
0.40628663,443
0.4007981,444
0.39224026,445
0.37624902,446
0.36643243,447
0.37487468,448
0.38431403,449
0.37057793,450
0.35511428,451
0.35466766,452
0.35516182,453
0.35045564,454
0.36256295,455
0.37585163,456
0.3779414,457
0.3789911,458
0.37926543,459
0.4000695,460
0.39804512,461
0.4005851,462
0.40795556,463
0.40508476,464
0.4112855,465
0.3978292,466
0.4018849,467
0.39504123,468
0.39416718,469
0.39602146,470
0.40232927,471
0.39969242,472
0.40123203,473
0.3902175,474
0.3933071,475
0.38355306,476
0.39491445,477
0.40722385,478
0.40531948,479
0.3763176,480
0.37691957,481
0.38590264,482
0.3802552,483
0.3753861,484
0.3688385,485
0.3779692,486
0.39713156,487
0.38774368,488
0.37625352,489
0.3881186,490
0.39141428,491
0.3892779,492
0.38935664,493
0.4079538,494
0.3947499,495
0.40364152,496
0.40288267,497
0.399397,498
0.40598288,499
0.4341185,500
0.43468177,501
0.42544425,502
0.43632397,503
0.45795724,504
0.4605111,505
0.45246032,506
0.42807665,507
0.43591,508
0.44502434,509
0.4515024,510
0.434844,511
0.42617372,512
0.4299363,513
0.40919995,514
0.41096663,515
0.3959589,516
0.4081469,517
0.407406,518
0.4149305,519
0.40128383,520
0.40556702,521
0.40379822,522
0.39753005,523
0.3930581,524
0.39722243,525
0.40019897,526
0.40765086,527
0.41351554,528
0.41335198,529
0.3982985,530
0.40371567,531
0.4118233,532
0.4085223,533
0.41352046,534
0.41380334,535
0.42147577,536
0.40229622,537
0.43406415,538
0.4248385,539
0.4156694,540
0.4050865,541
0.4066075,542
0.41801158,543
0.41071293,544
0.41101158,545
0.42623433,546
0.4343235,547
0.43691075,548
0.43670425,549
0.4385134,550
0.4232907,551
0.41556764,552
0.4246749,553
0.42962566,554
0.42350933,555
0.41867715,556
0.4368898,557
0.41633093,558
0.42452508,559
0.43741035,560
0.44168627,561
0.44656205,562
0.44553268,563
0.43781734,564
0.43767723,565
0.42989028,566
0.42212483,567
0.4287945,568
0.42925906,569
0.4240992,570
0.4292883,571
0.44699273,572
0.43929708,573
0.42789164,574
0.43900943,575
0.42576835,576
0.42850453,577
0.43343568,578
0.43194488,579
0.4433557,580
0.44535908,581
0.44523153,582
0.44812134,583
0.44524792,584
0.45012796,585
0.4519554,586
0.44695443,587
0.43396333,588
0.43439743,589
0.43378934,590
0.4368753,591
0.43035942,592
0.43038452,593
0.43716967,594
0.4450289,595
0.45543903,596
0.45515794,597
0.44061553,598
0.4447699,599
0.4209261,600
0.43369868,601
0.43906128,602
0.41738328,603
0.4137357,604
0.40627578,605
0.3977699,606
0.40808132,607
0.39465645,608
0.38286194,609
0.3709409,610
0.359405,611
0.3453033,612
0.34095883,613
0.3309848,614
0.31385937,615
0.30181536,616
0.29659405,617
0.29629502,618
0.29670745,619
0.30605504,620
0.30101657,621
0.29134715,622
0.30207643,623
0.3083531,624
0.30107087,625
0.308356,626
0.30678117,627
0.31690356,628
0.3180708,629
0.32556617,630
0.32385632,631
0.32909065,632
0.33115238,633
0.3405382,634
0.34222853,635
0.33925247,636
0.34013712,637
0.3429805,638
0.34819067,639
0.33338913,640
0.3276993,641
0.32559487,642
0.33134082,643
0.32905623,644
0.33918473,645
0.34817466,646
0.48855138,647
0.51645106,648
0.5454484,649
0.57241637,650
0.58477324,651
0.5764498,652
0.588963,653
0.56758165,654
0.5588523,655
0.54957277,656
0.55183655,657
0.5447731,658
0.5418508,659
0.5467026,660
0.5501633,661
0.552023,662
0.5504771,663
0.5510535,664
0.5495139,665
0.54183596,666
0.39162767,667
0.38619927,668
0.4124423,669
0.3862331,670
0.38685653,671
0.3833423,672
0.35183552,673
0.3581382,674
0.35361463,675
0.3515339,676
0.3410252,677
0.33527458,678
0.34332466,679
0.36629307,680
0.3942251,681
0.4158168,682
0.4261237,683
0.42295215,684
0.42132813,685
0.41987693,686
0.425049,687
0.417099,688
0.38659394,689
0.39392304,690
0.39395362,691
0.39730713,692
0.40677926,693
0.41107684,694
0.3902419,695
0.41956162,696
0.41887584,697
0.42170936,698
0.42425293,699
0.42555627,700
0.38360718,701
0.36981755,702
0.36091682,703
0.35601822,704
0.3640812,705
0.3720582,706
0.37452275,707
0.3856367,708
0.39554992,709
0.39689392,710
0.4112953,711
0.41059244,712
0.404098,713
0.39939255,714
0.4183478,715
0.40133893,716
0.39401534,717
0.3873705,718
0.3792154,719
0.3667093,720
0.37189442,721
0.36730716,722
0.37436196,723
0.38810876,724
0.38376695,725
0.38775557,726
0.41390213,727
0.40868217,728
0.40765595,729
0.40159237,730
0.3901474,731
0.39746743,732
0.3908246,733
0.3980126,734
0.38034138,735
0.38177663,736
0.38249192,737
0.39466354,738
0.39011753,739
0.40325683,740
0.40158057,741
0.410859,742
0.41043898,743
0.39192033,744
0.39436582,745
0.37125152,746
0.3299212,747
0.31974053,748
0.30540046,749
0.30823553,750
0.31199735,751
0.29860348,752
0.29284704,753
0.30495656,754
0.31153008,755
0.30180553,756
0.30267507,757
0.29951665,758
0.30799004,759
0.29642197,760
0.3297456,761
0.31935763,762
0.3226427,763
0.34416467,764
0.34580842,765
0.35811257,766
0.3614037,767
0.36126384,768
0.3777042,769
0.37937745,770
0.9070819,771
1.2024488,772
1.2292291,773
1.2129098,774
1.2065225,775
1.2096442,776
1.2223344,777
1.2126036,778
1.2229285,779
1.2329961,780
1.2083126,781
1.2117057,782
1.2130252,783
1.1905608,784
1.1863904,785
1.1779625,786
1.1867157,787
1.1939815,788
1.19642,789
1.2185163,790
0.69028777,791
0.378723,792
0.3545987,793
0.34627232,794
0.34202218,795
0.34334007,796
0.34529138,797
0.34470952,798
0.33511335,799
0.32403472,800
0.32445565,801
0.3283021,802
0.33397338,803
0.34688407,804
0.34636536,805
0.35271797,806
0.3618943,807
0.38392356,808
0.36639008,809
0.3758704,810
0.37189397,811
0.3679359,812
0.36653927,813
0.3830309,814
0.38283974,815
0.3887089,816
0.36778283,817
0.36026236,818
0.3615059,819
0.37025857,820
0.36437386,821
0.36514482,822
0.3570622,823
0.34948418,824
0.34879455,825
0.36042747,826
0.36175472,827
0.33897322,828
0.3545968,829
0.33729237,830
0.34763736,831
0.35989243,832
0.3636203,833
0.3483885,834
0.3508654,835
0.35483986,836
0.3598117,837
0.37043616,838
0.36114267,839
0.34887946,840
0.36165664,841
0.3571776,842
0.3647049,843
0.36835387,844
0.3745302,845
0.3485116,846
0.34369004,847
0.34781647,848
0.3479314,849
0.355583,850
0.3483001,851
0.35171187,852
0.34596112,853
0.36334977,854
0.36119595,855
0.352705,856
0.3588539,857
0.3619431,858
0.35936496,859
0.3739308,860
0.37919113,861
0.38229033,862
0.38508397,863
0.3946098,864
0.38691112,865
0.38755035,866
0.39332455,867
0.39019868,868
0.41464955,869
0.39387664,870
0.38748032,871
0.37000632,872
0.37012178,873
0.37218502,874
0.37720445,875
0.38059756,876
0.38866547,877
0.38970268,878
0.39614928,879
0.39280194,880
0.39478967,881
0.39472675,882
0.4033812,883
0.39195198,884
0.3939435,885
0.39440426,886
0.39667407,887
0.38912308,888
0.35729814,889
0.35930306,890
0.3694833,891
0.37424973,892
0.38017654,893
0.37145028,894
0.36682323,895
0.3497442,896
0.34802836,897
0.3353391,898
0.3305863,899
0.32303473,900
0.31234452,901
0.31060848,902
0.31440803,903
0.31452596,904
0.31632817,905
0.3167614,906
0.3195427,907
0.31860554,908
0.33827037,909
0.33522847,910
0.35033292,911
0.3593433,912
0.35704044,913
0.34570625,914
0.3842878,915
0.38978752,916
0.38374746,917
0.43417564,918
0.46222514,919
0.46776876,920
0.45514408,921
0.45472455,922
0.45807135,923
0.45165917,924
0.4527612,925
0.44705704,926
0.45231673,927
0.4548509,928
0.44332016,929
0.46014223,930
0.45116752,931
0.45197895,932
0.45457503,933
0.46864727,934
0.44140533,935
0.47018892,936
0.4701539,937
0.42569134,938
0.41633087,939
0.41801414,940
0.4245856,941
0.43775705,942
0.42262238,943
0.42305276,944
0.42980167,945
0.44614872,946
0.43218917,947
0.44051135,948
0.43346253,949
0.43020055,950
0.4119366,951
0.39324275,952
0.3758944,953
0.36953366,954
0.3622246,955
0.35738286,956
0.35996452,957
0.3616983,958
0.3535614,959
0.3533705,960
0.34909424,961
0.33623874,962
0.33846322,963
0.34538144,964
0.3363337,965
0.3308358,966
0.3584813,967
0.3702664,968
0.36111695,969
0.3481433,970
0.3595602,971
0.3595334,972
0.370654,973
0.3709707,974
0.36696625,975
0.3727996,976
0.361539,977
0.35726804,978
0.35746774,979
0.3538337,980
0.3503684,981
0.3456579,982
0.34833068,983
0.3375022,984
0.34393907,985
0.36131808,986
0.36608726,987
0.3577893,988
0.36848962,989
0.37637833,990
0.36672807,991
0.3677172,992
0.38355324,993
0.37705258,994
0.38003036,995
0.37816688,996
0.39335746,997
0.39554867,998
0.38660163,999
0.38018236,1000
0.39617562,1001
0.39143184,1002
0.3883642,1003
0.37747857,1004
0.37496483,1005
0.3584656,1006
0.34188902,1007
0.33061227,1008
0.327073,1009
0.32609493,1010
0.32792768,1011
0.3363299,1012
0.32068345,1013
0.37424305,1014
0.38377067,1015
0.3887093,1016
0.37929982,1017
0.38168085,1018
0.38935965,1019
0.39726132,1020
0.38447312,1021
0.3800224,1022
0.3937871,1023
0.4003978,1024
0.4197529,1025
0.4502167,1026
0.46262133,1027
0.44988087,1028
0.43362397,1029
0.4316707,1030
0.43125498,1031
0.42166248,1032
0.40461034,1033
0.36650178,1034
0.35959274,1035
0.35215628,1036
0.35785958,1037
0.37097627,1038
0.37543342,1039
0.3844023,1040
0.38825127,1041
0.381338,1042
0.36533847,1043
0.35905325,1044
0.35936862,1045
0.3563966,1046
0.37015423,1047
0.38013223,1048
0.37557805,1049
0.38073337,1050
0.38816288,1051
0.38857347,1052
0.3864249,1053
0.38501757,1054
0.38675022,1055
0.39659908,1056
0.3949154,1057
0.39070466,1058
0.4171577,1059
0.41399655,1060
0.42572868,1061
0.42710808,1062
0.4372518,1063
0.44432166,1064
0.4467024,1065
0.43721944,1066
0.42507023,1067
0.41172555,1068
0.4112548,1069
0.4111374,1070
0.40629795,1071
0.41268677,1072
0.39640197,1073
0.3736044,1074
0.37283403,1075
0.3923025,1076
0.38131294,1077
0.3776371,1078
0.34866214,1079
0.34226853,1080
0.33050227,1081
0.3365818,1082
0.35290658,1083
0.35441506,1084
0.35477692,1085
0.3659405,1086
0.37097374,1087
0.3876384,1088
0.3905189,1089
0.38912967,1090
0.3918998,1091
0.37852734,1092
0.39843753,1093
0.4072702,1094
0.39974755,1095
0.3818346,1096
0.3828129,1097
0.3796542,1098
0.38695198,1099
0.40878257,1100
0.396232,1101
0.40093616,1102
0.37115958,1103
0.40016192,1104
0.3941101,1105
0.3830535,1106
0.40962684,1107
0.397332,1108
0.40363362,1109
0.40659636,1110
0.41483697,1111
0.42034692,1112
0.42279375,1113
0.4318903,1114
0.43765473,1115
0.4316624,1116
0.4384063,1117
0.4493994,1118
0.4320477,1119
0.41339615,1120
0.4197531,1121
0.40633819,1122
0.42505002,1123
0.40430984,1124
0.41342938,1125
0.40481675,1126
0.36959922,1127
0.3604142,1128
0.35831097,1129
0.35065064,1130
0.35969895,1131
0.37024698,1132
0.36209378,1133
0.35340136,1134
0.37960336,1135
0.37069008,1136
0.38020375,1137
0.37704173,1138
0.3824273,1139
0.3956089,1140
0.39013168,1141
0.39729938,1142
0.38000473,1143
0.36673787,1144
0.36557248,1145
0.35800698,1146
0.35335836,1147
0.37066197,1148
0.3643509,1149
0.37142262,1150
0.35728636,1151
0.34597215,1152
0.33154532,1153
0.33077604,1154
0.3193494,1155
0.32489502,1156
0.3270594,1157
0.33175567,1158
0.35608578,1159
0.34635928,1160
0.35739097,1161
0.36190766,1162
0.36366993,1163
0.3623826,1164
0.35733187,1165
0.37163436,1166
0.37721658,1167
0.3624867,1168
0.3701586,1169
0.3587006,1170
0.36458993,1171
0.36240467,1172
0.36480275,1173
0.36480847,1174
0.36499777,1175
0.36359274,1176
0.3411106,1177
0.32013032,1178
0.29845852,1179
0.3116343,1180
0.31047866,1181
0.2946954,1182
0.29724714,1183
0.30761987,1184
0.3135206,1185
0.31214976,1186
0.32843348,1187
0.34494737,1188
0.34989026,1189
0.35758415,1190
0.37188298,1191
0.39021152,1192
0.3878193,1193
0.40523586,1194
0.3965944,1195
0.40900153,1196
0.41577262,1197
0.42496747,1198
0.42013228,1199
0.41422722,1200
0.41026336,1201
0.41849554,1202
0.4196038,1203
0.41288713,1204
0.40654603,1205
0.4119199,1206
0.39448544,1207
0.37303257,1208
0.37623116,1209
0.37248433,1210
0.3559109,1211
0.34684128,1212
0.35072955,1213
0.3299961,1214
0.32418197,1215
0.3225908,1216
0.3205938,1217
0.32397896,1218
0.33478576,1219
0.32487333,1220
0.32748356,1221
0.32786956,1222
0.31211182,1223
0.3094332,1224
0.31811562,1225
0.31690058,1226
0.3166392,1227
0.3061499,1228
0.2993678,1229
0.3025354,1230
0.30457962,1231
0.3012417,1232
0.28905872,1233
0.28303182,1234
0.28266838,1235
0.2749636,1236
0.2812941,1237
0.2725355,1238
0.26926154,1239
0.2759002,1240
0.2828718,1241
0.28097123,1242
0.2889726,1243
0.2950469,1244
0.29545742,1245
0.29344103,1246
0.29536492,1247
0.30833003,1248
0.31010553,1249
0.32053107,1250
0.3205681,1251
0.3274358,1252
0.33092248,1253
0.3172447,1254
0.31063128,1255
0.2981634,1256
0.28827235,1257
0.28769544,1258
0.29207504,1259
0.2858635,1260
0.2849386,1261
0.28107795,1262
0.28773203,1263
0.30564198,1264
0.3116943,1265
0.30516538,1266
0.319671,1267
0.3194973,1268
0.32136077,1269
0.33071914,1270
0.34022635,1271
0.3361936,1272
0.3365514,1273
0.33973235,1274
0.3359491,1275
0.38411793,1276
0.38293815,1277
0.3805613,1278
0.3782535,1279
0.38877365,1280
0.3869728,1281
0.39021066,1282
0.39059293,1283
0.386245,1284
0.37590912,1285
0.376111,1286
0.37248597,1287
0.37431663,1288
0.3731357,1289
0.35042584,1290
0.3495118,1291
0.35347912,1292
0.35561335,1293
0.3697523,1294
0.37258938,1295
0.3368444,1296
0.33355808,1297
0.3375369,1298
0.33802405,1299
0.3491697,1300
0.35140923,1301
0.3506667,1302
0.35926792,1303
0.36475044,1304
0.3653841,1305
0.36435056,1306
0.356334,1307
0.3571525,1308
0.3563833,1309
0.3550888,1310
0.35680822,1311
0.3628521,1312
0.36572918,1313
0.3551894,1314
0.35828522,1315
0.34778705,1316
0.344221,1317
0.3453456,1318
0.35276628,1319
0.35191485,1320
0.34720567,1321
0.34477982,1322
0.33863583,1323
0.33168396,1324
0.3286573,1325
0.33457536,1326
0.3345664,1327
0.34048843,1328
0.3345808,1329
0.34922326,1330
0.3359291,1331
0.3230869,1332
0.3196558,1333
0.32988304,1334
0.32660767,1335
0.34260792,1336
0.35918832,1337
0.36117855,1338
0.3643779,1339
0.35446095,1340
0.3792299,1341
0.3908581,1342
0.3894339,1343
0.39225197,1344
0.39679816,1345
0.403741,1346
0.4252986,1347
0.42810848,1348
0.43930912,1349
0.44004413,1350
0.4431436,1351
0.4417334,1352
0.44540396,1353
0.43731374,1354
0.45208374,1355
0.44037697,1356
0.42006564,1357
0.40979,1358
0.4036163,1359
0.39884627,1360
0.3731289,1361
0.3610171,1362
0.38763314,1363
0.3996387,1364
0.40256673,1365
0.39121205,1366
0.3666935,1367
0.4910345,1368
0.4811293,1369
0.47335967,1370
0.4781629,1371
0.49881354,1372
0.5096186,1373
0.52864385,1374
0.52743524,1375
0.52054614,1376
0.53315294,1377
0.5313108,1378
0.52060044,1379
0.5245298,1380
0.53137356,1381
0.53116626,1382
0.49679193,1383
0.47666016,1384
0.47647637,1385
0.48046166,1386
0.48197252,1387
0.35972667,1388
0.37841088,1389
0.38605705,1390
0.390183,1391
0.38711074,1392
0.3716605,1393
0.36402664,1394
0.3553192,1395
0.3548023,1396
0.34076896,1397
0.34976617,1398
0.35226655,1399
0.35179055,1400
0.35495272,1401
0.35680732,1402
0.36403665,1403
0.3735402,1404
0.37902814,1405
0.37733006,1406
0.3714308,1407
0.3732181,1408
0.36173737,1409
0.35930526,1410
0.3442873,1411
0.34271953,1412
0.34858048,1413
0.3438778,1414
0.34506693,1415
0.33925402,1416
0.34132376,1417
0.3301552,1418
0.333428,1419
0.3335183,1420
0.33090514,1421
0.33419988,1422
0.33596444,1423
0.33019885,1424
0.32028145,1425
0.3028284,1426
0.29577264,1427
0.28282306,1428
0.2853432,1429
0.29553118,1430
0.30073002,1431
0.29645002,1432
0.28226632,1433
0.26915962,1434
0.26409656,1435
0.28667146,1436
0.29148805,1437
0.29179496,1438
0.29604092,1439
0.29976588,1440
0.304204,1441
0.30154744,1442
0.3002996,1443
0.3026973,1444
0.29992476,1445
0.3036536,1446
0.3145481,1447
0.34213516,1448
0.3415311,1449
0.34477082,1450
0.36624947,1451
0.38175675,1452
0.398307,1453
0.39301342,1454
0.3873069,1455
0.37390336,1456
0.37852886,1457
0.37829375,1458
0.38457093,1459
0.38477594,1460
0.37285534,1461
0.3785833,1462
0.38314453,1463
0.3803646,1464
0.4053662,1465
0.41066903,1466
0.41254398,1467
0.41735694,1468
0.41178444,1469
0.40670642,1470
0.37675136,1471
0.3592061,1472
0.34493172,1473
0.34879878,1474
0.37454224,1475
0.38757434,1476
0.37524492,1477
0.3911255,1478
0.37729532,1479
0.37484127,1480
0.37335616,1481
0.3672763,1482
0.3603481,1483
0.3635046,1484
0.3423702,1485
0.34205663,1486
0.35159394,1487
0.34586078,1488
0.34115577,1489
0.32931885,1490
0.32687172,1491
0.32772315,1492
0.32503438,1493
0.3234471,1494
0.30447796,1495
0.29750386,1496
0.30205074,1497
0.2907091,1498
0.29545087,1499
0.309311,1500
0.31357694,1501
0.31292626,1502
0.31730497,1503
0.33912608,1504
0.34733078,1505
0.35110795,1506
0.33880818,1507
0.33403528,1508
0.33485162,1509
0.3257892,1510
0.36522087,1511
0.38159257,1512
0.3859929,1513
0.38103455,1514
0.3829186,1515
0.38231796,1516
0.3936198,1517
0.39923728,1518
0.39763972,1519
0.38761505,1520
0.39000747,1521
0.3814971,1522
0.38630965,1523
0.3751538,1524
0.3811328,1525
0.37533432,1526
0.3699623,1527
0.36951378,1528
0.38608146,1529
0.39127022,1530
0.35651657,1531
0.33904824,1532
0.35097617,1533
0.35418156,1534
0.3507849,1535
0.39376545,1536
0.38345066,1537
0.38543728,1538
0.38490716,1539
0.3835448,1540
0.37374955,1541
0.3899946,1542
0.38718227,1543
0.38451156,1544
0.37419567,1545
0.3812823,1546
0.3837367,1547
0.37603533,1548
0.36900675,1549
0.37844115,1550
0.36898652,1551
0.37293816,1552
0.3670598,1553
0.36884335,1554
0.3756512,1555
0.32404616,1556
0.3255337,1557
0.3200714,1558
0.33018395,1559
0.33747196,1560
0.35303634,1561
0.3570614,1562
0.38402924,1563
0.4262033,1564
0.4464515,1565
0.41155908,1566
0.4149326,1567
0.40056756,1568
0.3823135,1569
0.37037003,1570
0.39610082,1571
0.39740247,1572
0.39458972,1573
0.40660718,1574
0.40781963,1575
0.4190815,1576
0.44465074,1577
0.4594587,1578
0.45146903,1579
0.43383214,1580
0.3934046,1581
0.4066638,1582
0.41801217,1583
0.42694417,1584
0.4273314,1585
0.4594545,1586
0.46435577,1587
0.46957535,1588
0.48017955,1589
0.48686275,1590
0.47724494,1591
0.4869101,1592
0.48359162,1593
0.4773739,1594
0.4877063,1595
0.48555863,1596
0.47369456,1597
0.47223675,1598
0.46565863,1599
0.45919472,1600
0.4799179,1601
0.4732218,1602
0.45989314,1603
0.45653102,1604
0.45915356,1605
0.43090987,1606
0.43619308,1607
0.43078718,1608
0.42712212,1609
0.4119878,1610
0.3963633,1611
0.4078479,1612
0.41345537,1613
0.41550636,1614
0.4109004,1615
0.4166525,1616
0.4097989,1617
0.39617392,1618
0.40072525,1619
0.40572616,1620
0.40722665,1621
0.40637252,1622
0.4082672,1623
0.3911242,1624
0.38537613,1625
0.3898089,1626
0.3815118,1627
0.38226813,1628
0.3985469,1629
0.39693946,1630
0.4001736,1631
0.39551765,1632
0.40009338,1633
0.39424396,1634
0.39003158,1635
0.40310958,1636
0.40320092,1637
0.39745346,1638
0.39024895,1639
0.37565872,1640
0.36197236,1641
0.3678038,1642
0.38376218,1643
0.39185676,1644
0.40116578,1645
0.39763,1646
0.40774783,1647
0.4045756,1648
0.39118892,1649
0.39322793,1650
0.38767022,1651
0.3893675,1652
0.38167405,1653
0.3825827,1654
0.39991197,1655
0.3901819,1656
0.38466445,1657
0.3978923,1658
0.39364854,1659
0.4037079,1660
0.409996,1661
0.39922604,1662
0.36926284,1663
0.35237023,1664
0.33896428,1665
0.34070602,1666
0.32343665,1667
0.3275089,1668
0.33755216,1669
0.3467459,1670
0.36626703,1671
0.3473252,1672
0.36441812,1673
0.35725537,1674
0.3416487,1675
0.35767716,1676
0.35872307,1677
0.3490329,1678
0.3708101,1679
0.36971068,1680
0.38980925,1681
0.38886654,1682
0.42751357,1683
0.43808326,1684
0.4387439,1685
0.43290874,1686
0.4435861,1687
0.4375187,1688
0.420766,1689
0.40269426,1690
0.3935483,1691
0.41498062,1692
0.42227754,1693
0.43012795,1694
0.4735031,1695
0.46931577,1696
0.47805282,1697
0.4813273,1698
0.49429712,1699
0.48786885,1700
0.47422174,1701
0.51160806,1702
0.48613822,1703
0.51406115,1704
0.52346665,1705
0.5309808,1706
0.54553056,1707
0.5495047,1708
0.5779406,1709
0.5677258,1710
0.5591954,1711
0.5430788,1712
0.5355824,1713
0.53804404,1714
0.51142764,1715
0.5043755,1716
0.5063594,1717
0.510124,1718
0.50877875,1719
0.521288,1720
0.52275544,1721
0.49503964,1722
0.5061988,1723
0.47768384,1724
0.4716264,1725
0.485143,1726
0.4746443,1727
0.47704577,1728
0.46502614,1729
0.48073617,1730
0.5127314,1731
0.5119672,1732
0.50898314,1733
0.5299653,1734
0.54092705,1735
0.5345168,1736
0.52513933,1737
0.52962947,1738
0.49827516,1739
0.4937587,1740
0.4935135,1741
0.48104888,1742
0.46525493,1743
0.46831885,1744
0.4587288,1745
0.45925766,1746
0.48124275,1747
0.47188905,1748
0.46431693,1749
0.47281536,1750
0.44063798,1751
0.45683953,1752
0.4595239,1753
0.44044137,1754
0.4347634,1755
0.44752067,1756
0.45718735,1757
0.4457152,1758
0.45789367,1759
0.46176258,1760
0.4687759,1761
0.47025505,1762
0.50709116,1763
0.5104254,1764
0.5159975,1765
0.4769931,1766
0.46704757,1767
0.46244088,1768
0.4646309,1769
0.46447328,1770
0.4643333,1771
0.44883308,1772
0.44774014,1773
0.45231783,1774
0.43279022,1775
0.4434309,1776
0.42664164,1777
0.42221656,1778
0.42691666,1779
0.41266534,1780
0.42461154,1781
0.4271437,1782
0.3841761,1783
0.37938938,1784
0.38562447,1785
0.39360785,1786
0.38572097,1787
0.38493896,1788
0.3796678,1789
0.37845558,1790
0.38432574,1791
0.374633,1792
0.39306927,1793
0.38698533,1794
0.38961235,1795
0.37432632,1796
0.37441468,1797
0.37755942,1798
0.36909258,1799
0.36619994,1800
0.35345483,1801
0.37577164,1802
0.37614876,1803
0.37952542,1804
0.37049603,1805
0.3764309,1806
0.36730063,1807
0.36685413,1808
0.37189496,1809
0.3779102,1810
0.39055452,1811
0.38891873,1812
0.36948177,1813
0.3737631,1814
0.36786407,1815
0.385779,1816
0.38612887,1817
0.39426422,1818
0.39555946,1819
0.39453217,1820
0.3999493,1821
0.39392403,1822
0.4300314,1823
0.43972638,1824
0.44892627,1825
0.44257793,1826
0.43785378,1827
0.4596488,1828
0.46231347,1829
0.45507747,1830
0.4415688,1831
0.4468042,1832
0.45240176,1833
0.4599656,1834
0.46860582,1835
0.47136888,1836
0.46632263,1837
0.45876825,1838
0.4569235,1839
0.45773986,1840
0.45138603,1841
0.4433853,1842
0.4080813,1843
0.39087585,1844
0.38748813,1845
0.39659664,1846
0.40369514,1847
0.39409408,1848
0.39834586,1849
0.39616227,1850
0.3994172,1851
0.41482437,1852
0.43075985,1853
0.43847123,1854
0.43462253,1855
0.42305088,1856
0.43294114,1857
0.44404796,1858
0.45065317,1859
0.44746277,1860
0.45582035,1861
0.4533201,1862
0.44459558,1863
0.46384725,1864
0.4582521,1865
0.46345496,1866
0.4561172,1867
0.44140118,1868
0.43619072,1869
0.4256184,1870
0.41841096,1871
0.4183449,1872
0.40642652,1873
0.37790382,1874
0.3800128,1875
0.39058128,1876
0.3949022,1877
0.4031981,1878
0.39502048,1879
0.40093625,1880
0.408045,1881
0.4196938,1882
0.42046547,1883
0.4394564,1884
0.4531991,1885
0.44330674,1886
0.47520852,1887
0.4585804,1888
0.46135402,1889
0.4787449,1890
0.4742391,1891
0.4648462,1892
0.4585954,1893
0.45866635,1894
0.4860404,1895
0.4599802,1896
0.46421662,1897
0.4600361,1898
0.47077155,1899
0.4716872,1900
0.47303987,1901
0.47657883,1902
0.47311538,1903
0.44554275,1904
0.42942783,1905
0.44261515,1906
0.41153046,1907
0.41722438,1908
0.41224468,1909
0.40288562,1910
0.41792062,1911
0.42734763,1912
0.42865825,1913
0.42989093,1914
0.39891374,1915
0.39802086,1916
0.3914821,1917
0.37311977,1918
0.38610092,1919
0.37846223,1920
0.36785564,1921
0.36825547,1922
0.3886999,1923
0.38324672,1924
0.39312583,1925
0.40460393,1926
0.42505357,1927
0.4423851,1928
0.44824943,1929
0.43925416,1930
0.42519614,1931
0.4188966,1932
0.42353144,1933
0.43414247,1934
0.43010148,1935
0.4323549,1936
0.43515655,1937
0.43885982,1938
0.42066565,1939
0.4171644,1940
0.4264965,1941
0.43466008,1942
0.4155273,1943
0.40499002,1944
0.38532764,1945
0.3649472,1946
0.3538303,1947
0.34779727,1948
0.34980774,1949
0.36435592,1950
0.36799544,1951
0.37350175,1952
0.38257658,1953
0.3892918,1954
0.39652333,1955
0.42209765,1956
0.41916916,1957
0.41971332,1958
0.42450023,1959
0.44765294,1960
0.4433424,1961
0.44139975,1962
0.44574156,1963
0.46072796,1964
0.45645133,1965
0.44730392,1966
0.4361247,1967
0.4398109,1968
0.43255702,1969
0.4384155,1970
0.44909316,1971
0.44384253,1972
0.43752056,1973
0.4266159,1974
0.42488426,1975
0.40361962,1976
0.41012946,1977
0.41827428,1978
0.4188047,1979
0.41615117,1980
0.41793287,1981
0.4125827,1982
0.40646416,1983
0.39303577,1984
0.41235042,1985
0.435865,1986
0.43788266,1987
0.43725875,1988
0.43953177,1989
0.4476149,1990
0.4395037,1991
0.43650877,1992
0.42564926,1993
0.46449673,1994
0.46465328,1995
0.4727269,1996
0.4739333,1997
0.463597,1998
0.45847398,1999
0.45188302,2000
0.4450964,2001
0.44103926,2002
0.44392902,2003
0.43936265,2004
0.43043762,2005
0.40990654,2006
0.40497932,2007
0.41408044,2008
0.40363112,2009
0.39107555,2010
0.39648044,2011
0.40230763,2012
0.40955666,2013
0.36708125,2014
0.43728492,2015
0.43800884,2016
0.424062,2017
0.4232006,2018
0.4295266,2019
0.4324056,2020
0.43618515,2021
0.42866883,2022
0.43582544,2023
0.43095016,2024
0.4386915,2025
0.4432614,2026
0.4415824,2027
0.42778012,2028
0.42623997,2029
0.43614712,2030
0.4431666,2031
0.43172204,2032
0.4275451,2033
0.48351982,2034
0.40922245,2035
0.40059766,2036
0.39715573,2037
0.40686852,2038
0.40628472,2039
0.40937066,2040
0.40196392,2041
0.41535962,2042
0.4189053,2043
0.4133211,2044
0.41719466,2045
0.4104348,2046
0.4069159,2047
0.4244832,2048
0.44575292,2049
0.43824932,2050
0.4339702,2051
0.44326007,2052
0.4441284,2053
0.38872024,2054
0.4299711,2055
0.45147955,2056
0.46667588,2057
0.45728606,2058
0.474687,2059
0.46402863,2060
0.4746685,2061
0.4751068,2062
0.46243623,2063
0.46150544,2064
0.45400992,2065
0.44906878,2066
0.45449585,2067
0.43569493,2068
0.41923127,2069
0.42010555,2070
0.41243497,2071
0.4031848,2072
0.3997601,2073
0.41130012,2074
0.3677334,2075
0.36011726,2076
0.3385769,2077
0.33764333,2078
0.32791287,2079
0.32029098,2080
0.320617,2081
0.3135016,2082
0.31930006,2083
0.35086608,2084
0.3481474,2085
0.35083023,2086
0.3524201,2087
0.36531603,2088
0.36613318,2089
0.37529793,2090
0.3793422,2091
0.3792301,2092
0.38955197,2093
0.3750428,2094
0.37425274,2095
0.37027478,2096
0.38482463,2097
0.3784845,2098
0.39206895,2099
0.39479718,2100
0.40247032,2101
0.3953432,2102
0.39890388,2103
0.36224177,2104
0.3873393,2105
0.38797143,2106
0.39894,2107
0.3957206,2108
0.39926875,2109
0.40854973,2110
0.41684937,2111
0.41667983,2112
0.42536554,2113
0.4337294,2114
0.44771662,2115
0.44707274,2116
0.4404641,2117
0.44267792,2118
0.43427154,2119
0.43531635,2120
0.42944932,2121
0.44925338,2122
0.44269603,2123
0.44080636,2124
0.41289765,2125
0.41875774,2126
0.42798454,2127
0.42039967,2128
0.41907257,2129
0.44972652,2130
0.44460037,2131
0.44455525,2132
0.44089067,2133
0.4347215,2134
0.43401,2135
0.4232837,2136
0.41533107,2137
0.44169328,2138
0.43990082,2139
0.42159364,2140
0.40942842,2141
0.39731145,2142
0.4021819,2143
0.40184358,2144
0.4061801,2145
0.39541432,2146
0.38678023,2147
0.38165775,2148
0.38763756,2149
0.3474735,2150
0.33799577,2151
0.33019394,2152
0.33608967,2153
0.34346917,2154
0.3293151,2155
0.34205776,2156
0.35113978,2157
0.332749,2158
0.33275744,2159
0.3368194,2160
0.3385906,2161
0.33914462,2162
0.3552712,2163
0.3564995,2164
0.3543196,2165
0.36165643,2166
0.37819314,2167
0.37831834,2168
0.38005286,2169
0.40308225,2170
0.3904245,2171
0.40297288,2172
0.38776043,2173
0.3849927,2174
0.3972428,2175
0.378799,2176
0.36335862,2177
0.36182463,2178
0.3785539,2179
0.38550457,2180
0.38329688,2181
0.39995697,2182
0.38593102,2183
0.40623102,2184
0.4037076,2185
0.39588195,2186
0.37741432,2187
0.38089272,2188
0.38374612,2189
0.36152798,2190
0.37185392,2191
0.36492142,2192
0.3824272,2193
0.38400865,2194
0.36593312,2195
0.3778061,2196
0.38435692,2197
0.38688308,2198
0.37274268,2199
0.3657623,2200
0.3552742,2201
0.33771354,2202
0.33873641,2203
0.32718164,2204
0.33012727,2205
0.36656287,2206
0.37503043,2207
0.37870324,2208
0.3704553,2209
0.39514816,2210
0.39908445,2211
0.42614022,2212
0.41524735,2213
0.41956127,2214
0.4171659,2215
0.4330775,2216
0.4432473,2217
0.44967866,2218
0.46484604,2219
0.45803788,2220
0.45904633,2221
0.47742268,2222
0.48129928,2223
0.48859242,2224
0.4883336,2225
0.45460045,2226
0.46510705,2227
0.46948722,2228
0.4850407,2229
0.46702853,2230
0.46323717,2231
0.43310207,2232
0.4434696,2233
0.4360629,2234
0.45523053,2235
0.44755632,2236
0.44152442,2237
0.43015808,2238
0.4132869,2239
0.4179731,2240
0.41656166,2241
0.37467307,2242
0.38430676,2243
0.37183234,2244
0.3723115,2245
0.37284684,2246
0.40777338,2247
0.40718445,2248
0.4171136,2249
0.40657735,2250
0.40618518,2251
0.4076662,2252
0.39225608,2253
0.39738926,2254
0.38276207,2255
0.382917,2256
0.38470733,2257
0.3774212,2258
0.37798953,2259
0.3755644,2260
0.39269435,2261
0.39506125,2262
0.39099938,2263
0.39551324,2264
0.40423393,2265
0.40551183,2266
0.3700863,2267
0.36971512,2268
0.35649368,2269
0.373403,2270
0.3750662,2271
0.37593976,2272
0.3770858,2273
0.39285862,2274
0.39776847,2275
0.40231878,2276
0.3940332,2277
0.40059766,2278
0.40551305,2279
0.4018116,2280
0.38792646,2281
0.38452655,2282
0.39278388,2283
0.3941086,2284
0.38460696,2285
0.3778084,2286
0.3647709,2287
0.36288583,2288
0.36035195,2289
0.3480568,2290
0.36968136,2291
0.36732888,2292
0.36969835,2293
0.35901985,2294
0.36929154,2295
0.3736157,2296
0.40176436,2297
0.39012593,2298
0.80875367,2299
0.9686017,2300
1.1085117,2301
1.4277871,2302
1.5498002,2303
1.6773164,2304
1.8601226,2305
1.9785641,2306
2.1207244,2307
2.2939398,2308
2.4061785,2309
2.539702,2310
2.6894922,2311
2.8332915,2312
2.9571815,2313
3.0978339,2314
3.3454132,2315
3.980098,2316
3.952649,2317
3.9845686,2318
3.6407893,2319
3.5332007,2320
3.390145,2321
3.0492435,2322
2.9242923,2323
2.8282583,2324
2.6492329,2325
2.537197,2326
2.3942583,2327
2.2340083,2328
2.145768,2329
2.0379272,2330
1.8843231,2331
1.761989,2332
1.6528444,2333
1.410438,2334
1.0051796,2335
0.33516642,2336
0.30831563,2337
0.29708856,2338
0.29499134,2339
0.29055104,2340
0.29186177,2341
0.3166582,2342
0.3401906,2343
0.3451995,2344
0.34759587,2345
0.3572628,2346
0.3709179,2347
0.36619157,2348
0.37187272,2349
0.36419815,2350
0.36511934,2351
0.36930284,2352
0.38326705,2353
0.3817757,2354
0.41514817,2355
0.42494157,2356
0.44704133,2357
0.44552228,2358
0.4589593,2359
0.45214856,2360
0.44846073,2361
0.41581208,2362
0.39693394,2363
0.40511864,2364
0.40725136,2365
0.3897345,2366
0.38856626,2367
0.3968882,2368
0.39915955,2369
0.4155369,2370
0.4209768,2371
0.4252744,2372
0.41947737,2373
0.4219754,2374
0.40263274,2375
0.40108398,2376
0.39693218,2377
0.40124592,2378
0.40734702,2379
0.4072132,2380
0.40139595,2381
0.43733537,2382
0.45040855,2383
0.43863893,2384
0.46669754,2385
0.46922714,2386
0.4435824,2387
0.4372445,2388
0.44949874,2389
0.44556716,2390
0.4358523,2391
0.43083763,2392
0.43639356,2393
0.43458664,2394
0.43305382,2395
0.43296096,2396
0.42122546,2397
0.4169847,2398
0.41762123,2399
0.42767486,2400
0.426739,2401
0.412175,2402
0.42695984,2403
0.43134576,2404
0.41940704,2405
0.43547136,2406
0.45847917,2407
0.47062507,2408
0.47314847,2409
0.47512555,2410
0.48063827,2411
0.46650216,2412
0.46218652,2413
0.474394,2414
0.48184976,2415
0.48157707,2416
0.4791211,2417
0.47909817,2418
0.4596743,2419
0.4887401,2420
0.4865437,2421
0.47920337,2422
0.49676606,2423
0.5023574,2424
0.51315236,2425
0.5177434,2426
0.5001906,2427
0.5109123,2428
0.50731665,2429
0.50013864,2430
0.51581746,2431
0.52623975,2432
0.51502,2433
0.50399995,2434
0.500109,2435
0.5201581,2436
0.529847,2437
0.5375846,2438
0.54755,2439
0.5116947,2440
0.5231057,2441
0.5332851,2442
0.50529623,2443
0.50224304,2444
0.48760742,2445
0.49017638,2446
0.50038946,2447
0.4660316,2448
0.48075843,2449
0.4791809,2450
0.4599402,2451
0.46602303,2452
0.47400078,2453
0.47271714,2454
0.47461015,2455
0.4528566,2456
0.45976534,2457
0.46261162,2458
0.4562612,2459
0.45398688,2460
0.44120657,2461
0.4335293,2462
0.41556466,2463
0.41866234,2464
0.40723106,2465
0.39469483,2466
0.3932683,2467
0.40089616,2468
0.3786636,2469
0.3910751,2470
0.3802915,2471
0.38425177,2472
0.3997371,2473
0.38766345,2474
0.39077568,2475
0.38440225,2476
0.37159333,2477
0.36528695,2478
0.3759098,2479
0.41823605,2480
0.4372693,2481
0.445585,2482
0.46539834,2483
0.4852484,2484
0.49307033,2485
0.48469654,2486
0.48551902,2487
0.50189,2488
0.4955818,2489
0.48215646,2490
0.49794656,2491
0.50824577,2492
0.4771012,2493
0.47170937,2494
0.46956098,2495
0.46851167,2496
0.46600154,2497
0.4744385,2498
0.4877664,2499
0.44292358,2500
0.43519044,2501
0.43751308,2502
0.44415718,2503
0.42990217,2504
0.44670215,2505
0.46046287,2506
0.48288044,2507
0.44744393,2508
0.45124066,2509
0.4682354,2510
0.44160393,2511
0.42943358,2512
0.4315902,2513
0.4310156,2514
0.42412376,2515
0.4185607,2516
0.41517556,2517
0.40608746,2518
0.39433604,2519
0.38517365,2520
0.3862959,2521
0.37513778,2522
0.3818354,2523
0.40513307,2524
0.38021252,2525
0.38319167,2526
0.40561712,2527
0.42876813,2528
0.42690632,2529
0.4060714,2530
0.42695037,2531
0.42134216,2532
0.42453682,2533
0.430252,2534
0.43718398,2535
0.46914253,2536
0.4750494,2537
0.4743404,2538
0.46004173,2539
0.45289093,2540
0.45911676,2541
0.45751894,2542
0.4493708,2543
0.43642837,2544
0.44280663,2545
0.43141118,2546
0.4203769,2547
0.4235585,2548
0.45482883,2549
0.46315348,2550
0.44260314,2551
0.44895688,2552
0.45187247,2553
0.44593316,2554
0.44251183,2555
0.416246,2556
0.416705,2557
0.41668782,2558
0.42963794,2559
0.4358108,2560
0.42626914,2561
0.44397926,2562
0.46819955,2563
0.45682663,2564
0.44882393,2565
0.43808907,2566
0.3931244,2567
0.36248627,2568
0.31481302,2569
0.33285767,2570
0.3516594,2571
0.34084907,2572
0.3429021,2573
0.36576307,2574
0.37286815,2575
0.38125542,2576
0.38610202,2577
0.38737628,2578
0.39057422,2579
0.39823672,2580
0.39757878,2581
0.3871747,2582
0.354322,2583
0.35818636,2584
0.37204254,2585
0.37979522,2586
0.39013386,2587
0.3846801,2588
0.3909315,2589
0.36557105,2590
0.32705632,2591
0.31694806,2592
0.3082018,2593
0.28292596,2594
0.299579,2595
0.29480958,2596
0.292731,2597
0.29640174,2598
0.31283915,2599
0.32299542,2600
0.3210485,2601
0.3240993,2602
0.32480872,2603
0.3101869,2604
0.32016167,2605
0.31407055,2606
0.31624538,2607
0.33725467,2608
0.35550988,2609
0.36540356,2610
0.37590206,2611
0.39548674,2612
0.4216197,2613
0.4260788,2614
0.39820042,2615
0.39266288,2616
0.3755736,2617
0.37124175,2618
0.3675714,2619
0.35969108,2620
0.35708755,2621
0.3533339,2622
0.36744094,2623
0.37942827,2624
0.3835408,2625
0.38559955,2626
0.38196194,2627
0.3680725,2628
0.35094547,2629
0.34985337,2630
0.3459125,2631
0.3247166,2632
0.33558923,2633
0.3336767,2634
0.3565837,2635
0.36109817,2636
0.37861374,2637
0.37833402,2638
0.38993034,2639
0.3891682,2640
0.39591712,2641
0.3994867,2642
0.3916765,2643
0.3755761,2644
0.383012,2645
0.38628387,2646
0.3902758,2647
0.397048,2648
0.40091538,2649
0.4006109,2650
0.40712416,2651
0.41209564,2652
0.3820049,2653
0.39491472,2654
0.37255418,2655
0.36801833,2656
0.36586705,2657
0.36305103,2658
0.3709743,2659
0.38752687,2660
0.40933624,2661
0.40746757,2662
0.39829487,2663
0.39636758,2664
0.3879837,2665
0.38561293,2666
0.38377097,2667
0.37586075,2668
0.3715669,2669
0.37276503,2670
0.3683044,2671
0.35834762,2672
0.3493407,2673
0.33226392,2674
0.34297952,2675
0.36143032,2676
0.36342373,2677
0.36648986,2678
0.35237476,2679
0.34622175,2680
0.33318588,2681
0.33162463,2682
0.33164436,2683
0.3316247,2684
0.32724178,2685
0.32839954,2686
0.327689,2687
0.3327968,2688
0.33082122,2689
0.3168993,2690
0.32737213,2691
0.33369988,2692
0.32993415,2693
0.32955918,2694
0.32165256,2695
0.30465862,2696
0.29030326,2697
0.28648433,2698
0.2876153,2699
0.28125533,2700
0.28202307,2701
0.29425484,2702
0.29627907,2703
0.30043584,2704
0.2974423,2705
0.3056564,2706
0.30565912,2707
0.31079862,2708
0.33919916,2709
0.34205803,2710
0.32968327,2711
0.3306765,2712
0.33528808,2713
0.3357942,2714
0.34034112,2715
0.33616218,2716
0.3357619,2717
0.35391343,2718
0.34985474,2719
0.3367665,2720
0.33959407,2721
0.33230618,2722
0.32841203,2723
0.3353263,2724
0.34001324,2725
0.34268022,2726
0.34324673,2727
0.34185874,2728
0.3374085,2729
0.35379356,2730
0.3500504,2731
0.34913474,2732
0.34036392,2733
0.34717682,2734
0.3355959,2735
0.33642778,2736
0.34068385,2737
0.35790798,2738
0.38216895,2739
0.39566272,2740
0.3877363,2741
0.397491,2742
0.40797463,2743
0.4063608,2744
0.39426896,2745
0.3856221,2746
0.38165414,2747
0.39437264,2748
0.38396904,2749
0.39185947,2750
0.40099862,2751
0.4030452,2752
0.4315271,2753
0.43764022,2754
0.45399,2755
0.46059823,2756
0.4555386,2757
0.43044445,2758
0.41693497,2759
0.42026326,2760
0.44240737,2761
0.45246422,2762
0.44187,2763
0.43636605,2764
0.44422093,2765
0.44744352,2766
0.5041942,2767
0.4991108,2768
0.4978567,2769
0.47132236,2770
0.46267018,2771
0.47406742,2772
0.4463383,2773
0.44315612,2774
0.4441536,2775
0.4353146,2776
0.43888587,2777
0.43810555,2778
0.44035882,2779
0.43487933,2780
0.4257505,2781
0.41193444,2782
0.40833846,2783
0.41436082,2784
0.42959473,2785
0.44386712,2786
0.38800612,2787
0.39360452,2788
0.39709115,2789
0.4056281,2790
0.40903986,2791
0.38523638,2792
0.39017728,2793
0.39250657,2794
0.37659127,2795
0.37417892,2796
0.37147647,2797
0.36518684,2798
0.36634246,2799
0.36654967,2800
0.37220937,2801
0.37249053,2802
0.37214294,2803
0.38090074,2804
0.35997096,2805
0.35447952,2806
0.37832963,2807
0.37973595,2808
0.38831666,2809
0.4004654,2810
0.4079869,2811
0.441271,2812
0.44914186,2813
0.4474028,2814
0.4617737,2815
0.50086975,2816
0.49952585,2817
0.49976516,2818
0.50114805,2819
0.5026141,2820
0.49053687,2821
0.49919838,2822
0.49302942,2823
0.47752908,2824
0.46810663,2825
0.46279255,2826
0.46066532,2827
0.45283395,2828
0.44165668,2829
0.42137477,2830
0.41810694,2831
0.39712033,2832
0.3849893,2833
0.37690955,2834
0.35460427,2835
0.32688797,2836
0.33016983,2837
0.33575857,2838
0.34401122,2839
0.33625904,2840
0.3391557,2841
0.33129457,2842
0.33624908,2843
0.33946666,2844
0.3450066,2845
0.33658826,2846
0.30641156,2847
0.2883617,2848
0.31028327,2849
0.32503808,2850
0.33071902,2851
0.32072896,2852
0.31160644,2853
0.31763217,2854
0.33281773,2855
0.3463765,2856
0.351584,2857
0.3616606,2858
0.3544566,2859
0.36686423,2860
0.3719752,2861
0.3637078,2862
0.38929617,2863
0.41012222,2864
0.42850396,2865
0.45392263,2866
0.46207047,2867
0.48852313,2868
0.4829008,2869
0.48598006,2870
0.4845497,2871
0.47591683,2872
0.46406224,2873
0.45726502,2874
0.4452604,2875
0.44063172,2876
0.46487817,2877
0.45009345,2878
0.44669515,2879
0.44371918,2880
0.45532462,2881
0.46310624,2882
0.44001257,2883
0.43291336,2884
0.425357,2885
0.41045707,2886
0.41749954,2887
0.3950834,2888
0.38066524,2889
0.36972237,2890
0.37951234,2891
0.40302932,2892
0.40911973,2893
0.42338035,2894
0.42715737,2895
0.41843215,2896
0.40341797,2897
0.40638435,2898
0.4080919,2899
0.40012467,2900
0.38548443,2901
0.4015545,2902
0.3930055,2903
0.36832458,2904
0.3554242,2905
0.3531179,2906
0.3437767,2907
0.34758532,2908
0.35278946,2909
0.36878982,2910
0.37173477,2911
0.40185928,2912
0.4051394,2913
0.37734458,2914
0.38432992,2915
0.39978862,2916
0.3931272,2917
0.38858563,2918
0.39193442,2919
0.39373025,2920
0.40759096,2921
0.38580626,2922
0.40280694,2923
0.41467077,2924
0.41552493,2925
0.39263588,2926
0.37438035,2927
0.35720092,2928
0.33872586,2929
0.33380523,2930
0.3424204,2931
0.3413007,2932
0.3527526,2933
0.38163453,2934
0.38344216,2935
0.36929208,2936
0.3692672,2937
0.36544028,2938
0.36608475,2939
0.37515268,2940
0.4002227,2941
0.39374444,2942
0.40282068,2943
0.4049999,2944
0.40762803,2945
0.41978619,2946
0.42050803,2947
0.4332251,2948
0.44003955,2949
0.4341831,2950
0.43854296,2951
0.4342,2952
0.42448175,2953
0.4076764,2954
0.3950966,2955
0.40064663,2956
0.4022703,2957
0.4078355,2958
0.40209237,2959
0.41536766,2960
0.38670346,2961
0.3794794,2962
0.37523842,2963
0.38177583,2964
0.3874112,2965
0.39824322,2966
0.39893395,2967
0.40936852,2968
0.41890636,2969
0.42972276,2970
0.42744008,2971
0.442187,2972
0.4471569,2973
0.44628066,2974
0.44968194,2975
0.44412684,2976
0.45379844,2977
0.45505944,2978
0.47327504,2979
0.45798278,2980
0.47201043,2981
0.48651046,2982
0.4772019,2983
0.49025518,2984
0.48550633,2985
0.47469944,2986
0.48315987,2987
0.47249183,2988
0.4896957,2989
0.48196974,2990
0.47639915,2991
0.46364498,2992
0.4656736,2993
0.46292531,2994
0.5037439,2995
0.5306348,2996
0.5222696,2997
0.52566195,2998
0.5140981,2999
0.52370363,3000
0.49621427,3001
0.48389968,3002
0.4918008,3003
0.4743306,3004
0.49216533,3005
0.49467063,3006
0.51157916,3007
0.5007336,3008
0.47549498,3009
0.476646,3010
0.4766349,3011
0.46929345,3012
0.46338698,3013
0.46119308,3014
0.43628013,3015
0.42684776,3016
0.4328878,3017
0.4332452,3018
0.42623016,3019
0.42177108,3020
0.43804812,3021
0.4439261,3022
0.43070948,3023
0.45309216,3024
0.42532837,3025
0.42537087,3026
0.3899537,3027
0.38077936,3028
0.37322685,3029
0.3687938,3030
0.3821359,3031
0.36448386,3032
0.37019104,3033
0.37341762,3034
0.38238457,3035
0.40127784,3036
0.39651954,3037
0.38719136,3038
0.37770405,3039
0.48791587,3040
0.49550033,3041
0.49054748,3042
0.50380117,3043
0.4886826,3044
0.49332505,3045
0.4815081,3046
0.50543183,3047
0.5145822,3048
0.5260395,3049
0.5349747,3050
0.51701754,3051
0.52261806,3052
0.5029609,3053
0.49741662,3054
0.5032614,3055
0.49401024,3056
0.4895274,3057
0.48830047,3058
0.49004012,3059
0.390961,3060
0.38796234,3061
0.3977976,3062
0.38849822,3063
0.3804913,3064
0.37996507,3065
0.37004808,3066
0.35943505,3067
0.34827584,3068
0.373917,3069
0.36659253,3070
0.37969616,3071
0.38259482,3072
0.39723876,3073
0.40932956,3074
0.4172246,3075
0.41377902,3076
0.40816703,3077
0.4144849,3078
0.4100958,3079
0.38782266,3080
0.39651245,3081
0.39168233,3082
0.3939456,3083
0.3984778,3084
0.4081443,3085
0.42709884,3086
0.43101,3087
0.429803,3088
0.40474838,3089
0.40613538,3090
0.39019886,3091
0.40232408,3092
0.39471623,3093
0.39371377,3094
0.39141533,3095
0.38218012,3096
0.3918036,3097
0.39193103,3098
0.40275013,3099
0.43452933,3100
0.4252326,3101
0.40545884,3102
0.38895747,3103
0.38382915,3104
0.37080896,3105
0.35830903,3106
0.35316738,3107
0.34517044,3108
0.3465558,3109
0.34747705,3110
0.3616494,3111
0.36013943,3112
0.35659,3113
0.35762814,3114
0.3505404,3115
0.35375795,3116
0.3561715,3117
0.35576034,3118
0.36340767,3119
0.3464553,3120
0.3643212,3121
0.38277853,3122
0.40110618,3123
0.4090221,3124
0.4197055,3125
0.4319515,3126
0.43307227,3127
0.44619912,3128
0.43127227,3129
0.4186897,3130
0.40091157,3131
0.38843933,3132
0.39328656,3133
0.38673267,3134
0.39553836,3135
0.40674806,3136
0.4051693,3137
0.40789396,3138
0.404945,3139
0.40310258,3140
0.3922292,3141
0.38447273,3142
0.36999595,3143
0.36034012,3144
0.37563652,3145
0.38384482,3146
0.39888847,3147
0.3908246,3148
0.38124284,3149
0.3949189,3150
0.40924567,3151
0.42044598,3152
0.44350785,3153
0.4508998,3154
0.4105366,3155
0.3834356,3156
0.37892205,3157
0.37129554,3158
0.39471608,3159
0.39646256,3160
0.39685935,3161
0.43712455,3162
0.46104088,3163
0.45246068,3164
0.449732,3165
0.44108665,3166
0.42888165,3167
0.4202362,3168
0.42474854,3169
0.41736153,3170
0.43051788,3171
0.44888183,3172
0.45160416,3173
0.44107306,3174
0.4511789,3175
0.44872394,3176
0.45754704,3177
0.45907554,3178
0.45321447,3179
0.44009593,3180
0.42577538,3181
0.5477406,3182
0.835503,3183
1.0174938,3184
1.0140753,3185
1.0252385,3186
1.0294803,3187
1.0755383,3188
1.0647982,3189
1.0652832,3190
1.0628531,3191
1.0949818,3192
2.597461,3193
2.5967994,3194
2.6226203,3195
2.636925,3196
2.648334,3197
2.6557388,3198
2.64529,3199
2.6636863,3200
2.6792915,3201
2.559754,3202
2.262535,3203
2.0674603,3204
2.0820756,3205
2.071234,3206
2.0699983,3207
2.0202112,3208
2.033138,3209
2.0374699,3210
2.0465708,3211
2.0317907,3212
0.42255843,3213
0.41876435,3214
0.38527817,3215
0.37145343,3216
0.36405128,3217
0.36355615,3218
0.35558832,3219
0.34293634,3220
0.34791875,3221
0.34329414,3222
0.35036796,3223
0.34322444,3224
0.3380668,3225
0.34129834,3226
0.34926453,3227
0.39259857,3228
0.39728937,3229
0.39369172,3230
0.40111932,3231
0.40287894,3232
0.66182154,3233
0.66288024,3234
0.6533438,3235
0.659124,3236
0.6674916,3237
0.6654233,3238
0.6897171,3239
0.70368844,3240
0.7029991,3241
0.7085561,3242
0.7010375,3243
0.69931763,3244
0.69513917,3245
0.69563836,3246
0.700573,3247
0.6656593,3248
0.6664617,3249
0.6872005,3250
0.6927069,3251
0.7328756,3252
0.46413615,3253
0.46655822,3254
0.4619989,3255
0.46666744,3256
0.53016245,3257
0.52840334,3258
0.51410776,3259
0.50403744,3260
0.49310192,3261
0.48328608,3262
0.48577416,3263
0.4927045,3264
0.49006215,3265
0.48476046,3266
0.47687873,3267
0.47781113,3268
0.48505768,3269
0.47229764,3270
0.47225598,3271
0.45355105,3272
0.4736103,3273
0.4904964,3274
0.51064277,3275
0.5092674,3276
0.43359244,3277
0.45679662,3278
0.4537066,3279
0.45680034,3280
0.44968492,3281
0.44873017,3282
0.43928668,3283
0.43562004,3284
0.42688763,3285
0.43058145,3286
0.42580453,3287
0.4154491,3288
0.40743273,3289
0.4018166,3290
0.42881688,3291
0.4431578,3292
0.43270344,3293
0.42055297,3294
0.41259524,3295
0.41002283,3296
0.41328394,3297
0.4040412,3298
0.40303397,3299
0.40157872,3300
0.4114485,3301
0.42156494,3302
0.42691424,3303
0.43475387,3304
0.44991475,3305
0.437341,3306
0.4358801,3307
0.4195758,3308
0.41790122,3309
0.4190968,3310
0.41384163,3311
0.40112627,3312
0.40288228,3313
0.41241685,3314
0.3989759,3315
0.41372955,3316
0.3896056,3317
0.37821808,3318
0.39302185,3319
0.38666666,3320
0.3791305,3321
0.37536457,3322
0.37715378,3323
0.3625469,3324
0.37806952,3325
0.38571617,3326
0.39937577,3327
0.43070886,3328
0.4322725,3329
0.46061888,3330
0.43648553,3331
0.41626912,3332
0.39760223,3333
0.37104657,3334
0.3599501,3335
0.35140765,3336
0.35393113,3337
0.34142232,3338
0.3364345,3339
0.33957416,3340
0.3420561,3341
0.35593078,3342
0.3534437,3343
0.3472678,3344
0.33055037,3345
0.33491638,3346
0.33578214,3347
0.33766377,3348
0.37993598,3349
0.3535095,3350
0.3565927,3351
0.368371,3352
0.38987023,3353
0.40992463,3354
0.4149636,3355
0.4232739,3356
0.44189683,3357
0.43175966,3358
0.41607362,3359
0.42903548,3360
0.42511,3361
0.41394946,3362
0.41692352,3363
0.44295138,3364
0.4305406,3365
0.429633,3366
0.436594,3367
0.4250145,3368
0.38052163,3369
0.3872129,3370
0.38387445,3371
0.37989348,3372
0.907756,3373
1.77444,3374
1.7796156,3375
1.7964625,3376
1.7850876,3377
1.7892712,3378
1.8035861,3379
1.8035707,3380
1.8074476,3381
1.8133236,3382
3.0697262,3383
6.0065904,3384
6.130258,3385
6.3707075,3386
6.4890075,3387
6.6113477,3388
6.747223,3389
6.897051,3390
7.0384216,3391
7.1919374,3392
6.854541,3393
6.255574,3394
6.3666034,3395
6.549556,3396
6.920779,3397
7.071136,3398
7.168769,3399
7.2993746,3400
7.4464693,3401
7.6007886,3402
6.850532,3403
3.928673,3404
3.8082027,3405
3.594261,3406
3.4654858,3407
3.3284736,3408
3.1785977,3409
3.0129375,3410
2.8805892,3411
2.7280035,3412
2.600865,3413
2.308382,3414
2.2087965,3415
2.0242743,3416
1.6421624,3417
1.5142093,3418
1.4055976,3419
1.2840194,3420
1.0006571,3421
0.7929965,3422
0.35062972,3423
0.34002662,3424
0.33320957,3425
0.29180378,3426
0.28728965,3427
0.30355418,3428
0.31035858,3429
0.32629752,3430
0.31053406,3431
0.31524363,3432
0.32171738,3433
0.3181761,3434
0.32825965,3435
0.3302555,3436
0.33541334,3437
0.33223355,3438
0.34233588,3439
0.3373951,3440
0.34066477,3441
0.3456214,3442
0.35241863,3443
0.34945297,3444
0.3484207,3445
0.35637707,3446
0.38103268,3447
0.3676549,3448
0.36377522,3449
0.35549676,3450
0.36052713,3451
0.3659202,3452
0.35949025,3453
0.3664177,3454
0.35145465,3455
0.34040752,3456
0.3426259,3457
0.33667648,3458
0.3337349,3459
0.33673355,3460
0.3350318,3461
0.32539397,3462
0.3240373,3463
0.32832512,3464
0.32400393,3465
0.3170055,3466
0.29649165,3467
0.30232686,3468
0.3017642,3469
0.3002602,3470
0.29967126,3471
0.29755396,3472
0.29278812,3473
0.29041088,3474
0.30053547,3475
0.31189972,3476
0.31450668,3477
0.32973462,3478
0.3168692,3479
0.3160503,3480
0.31687447,3481
0.31130207,3482
0.3234178,3483
0.33307174,3484
0.32411897,3485
0.3311734,3486
0.33021346,3487
0.3208,3488
0.3156691,3489
0.32215866,3490
0.32439995,3491
0.32518443,3492
0.333053,3493
0.3548838,3494
0.36443424,3495
0.36248192,3496
0.4420048,3497
0.44853318,3498
0.4553199,3499
0.45434964,3500
0.46734056,3501
0.4882569,3502
0.5050525,3503
0.5076119,3504
0.5140824,3505
0.5039837,3506
0.5043667,3507
0.5122243,3508
0.53328323,3509
0.5281367,3510
0.52120245,3511
0.50649077,3512
0.50473785,3513
0.47846192,3514
0.46611515,3515
0.47133905,3516
0.39260483,3517
0.3749642,3518
0.37091407,3519
0.35581762,3520
0.34330094,3521
0.33688486,3522
0.32009682,3523
0.30942404,3524
0.31136838,3525
0.32577473,3526
0.35651606,3527
0.35860017,3528
0.34502998,3529
0.34336907,3530
0.34345996,3531
0.34933296,3532
0.3382758,3533
0.34332398,3534
0.34225968,3535
0.33943516,3536
0.33460483,3537
0.345856,3538
0.35346332,3539
0.37750316,3540
0.392051,3541
0.38565305,3542
0.37653375,3543
0.3890785,3544
0.392178,3545
0.3679638,3546
0.3451313,3547
0.34137717,3548
0.3455587,3549
0.34674317,3550
0.34434068,3551
0.35504517,3552
0.3707756,3553
0.38531166,3554
0.38590825,3555
0.37629876,3556
0.38446054,3557
0.38590562,3558
0.40261504,3559
0.38716155,3560
0.39057812,3561
0.39590156,3562
0.40680665,3563
0.4033709,3564
0.39343375,3565
0.3919149,3566
0.38234517,3567
0.381296,3568
0.37550747,3569
0.38552788,3570
0.39765713,3571
0.39312553,3572
0.40316078,3573
0.38956437,3574
0.38276064,3575
0.37935913,3576
0.38284248,3577
0.4013261,3578
0.394658,3579
0.40662414,3580
0.39615858,3581
0.39939067,3582
0.3888885,3583
0.38728783,3584
0.37964466,3585
0.40961376,3586
0.4172415,3587
0.42193618,3588
0.43492115,3589
0.42905885,3590
0.44537553,3591
0.4391633,3592
0.424878,3593
0.42870995,3594
0.4373834,3595
0.45089436,3596
0.44076806,3597
0.42136505,3598
0.40852755,3599
0.3939589,3600
0.39693207,3601
0.38835242,3602
0.39218184,3603
0.4185935,3604
0.42391315,3605
0.40539375,3606
0.39483365,3607
0.39131042,3608
0.39200374,3609
0.39095128,3610
0.35527003,3611
0.36971343,3612
0.36255082,3613
0.357435,3614
0.37840146,3615
0.36511552,3616
0.38262725,3617
0.37910363,3618
0.375784,3619
0.3777203,3620
0.3943898,3621
0.39629117,3622
0.39744025,3623
0.38009375,3624
0.38238195,3625
0.37452358,3626
0.39363074,3627
0.3997572,3628
0.41770497,3629
0.42800036,3630
0.42717126,3631
0.4199607,3632
0.42736152,3633
0.42858768,3634
0.4265832,3635
0.42414778,3636
0.41483238,3637
0.4145647,3638
0.4075991,3639
0.39794743,3640
0.38678515,3641
0.3874678,3642
0.38593468,3643
0.38053313,3644
0.375167,3645
0.3748554,3646
0.35277826,3647
0.34015054,3648
0.3338468,3649
0.32557625,3650
0.32917717,3651
0.33196175,3652
0.3433669,3653
0.33680734,3654
0.33656502,3655
0.33178407,3656
0.33739597,3657
0.34588477,3658
0.3510276,3659
0.35880074,3660
0.36113894,3661
0.36976805,3662
0.38178155,3663
0.38883874,3664
0.38687265,3665
0.38507688,3666
0.38275683,3667
0.39710864,3668
0.39169028,3669
0.3930671,3670
0.39150307,3671
0.38878417,3672
0.38219374,3673
0.39567593,3674
0.38542375,3675
0.4007628,3676
0.39754045,3677
0.405394,3678
0.4131647,3679
0.41020623,3680
0.40045348,3681
0.4231093,3682
0.41420177,3683
0.42068553,3684
0.49569657,3685
0.5045168,3686
0.5113544,3687
0.51113355,3688
0.50995916,3689
0.50957006,3690
0.5049336,3691
0.4923161,3692
0.49774322,3693
0.5015848,3694
0.5075099,3695
0.49283051,3696
0.4904096,3697
0.49345726,3698
0.49903953,3699
0.49842545,3700
0.49825466,3701
0.534634,3702
0.5272016,3703
0.5153923,3704
0.45171002,3705
0.4449576,3706
0.4360758,3707
0.42643487,3708
0.44272467,3709
0.43788475,3710
0.4382315,3711
0.4418924,3712
0.43979922,3713
0.43805683,3714
0.43767396,3715
0.4356722,3716
0.44519258,3717
0.43288735,3718
0.42961302,3719
0.43417755,3720
0.43267682,3721
0.3860351,3722
0.40571564,3723
0.4115469,3724
0.40234798,3725
0.4039937,3726
0.40546265,3727
0.4099661,3728
0.39069298,3729
0.4083506,3730
0.40390304,3731
0.41316596,3732
0.41308227,3733
0.39915198,3734
0.40189102,3735
0.39983818,3736
0.3888076,3737
0.39081392,3738
0.40212226,3739
0.4050019,3740
0.40439975,3741
0.40400168,3742
0.3869005,3743
0.38611048,3744
0.37918103,3745
0.38324016,3746
0.38021806,3747
0.3804568,3748
0.41416082,3749
0.39849496,3750
0.4030948,3751
0.3999936,3752
0.41547593,3753
0.42180848,3754
0.4056538,3755
0.411867,3756
0.41066918,3757
0.42365968,3758
0.44042203,3759
0.44240382,3760
0.45206505,3761
0.44349244,3762
0.44258103,3763
0.44422317,3764
0.46774003,3765
0.4598928,3766
0.45910805,3767
0.44840482,3768
0.40925416,3769
0.41433516,3770
0.40982488,3771
0.4137896,3772
0.39345956,3773
0.3765583,3774
0.37219018,3775
0.38290605,3776
0.39401928,3777
0.38941804,3778
0.41998085,3779
0.42844146,3780
0.42582306,3781
0.42233902,3782
0.42901725,3783
0.43716803,3784
0.4147197,3785
0.41750637,3786
0.4154,3787
0.41939372,3788
0.4164859,3789
0.4068605,3790
0.40372288,3791
0.39302072,3792
0.40351668,3793
0.39958695,3794
0.3977565,3795
0.3784685,3796
0.36337045,3797
0.3598971,3798
0.30336753,3799
0.28852844,3800
0.28884193,3801
0.28666297,3802
0.28302148,3803
0.2662648,3804
0.27379596,3805
0.27932116,3806
0.2828144,3807
0.28085655,3808
0.290389,3809
0.31051323,3810
0.31429732,3811
0.33363244,3812
0.32452556,3813
0.3233803,3814
0.33196706,3815
0.34773105,3816
0.35621044,3817
0.3602149,3818
0.3787834,3819
0.39577293,3820
0.39157832,3821
0.3885367,3822
0.39583123,3823
0.40685493,3824
0.4023444,3825
0.39885834,3826
0.4037298,3827
0.42570227,3828
0.43397984,3829
0.43168983,3830
0.42068732,3831
0.42427048,3832
0.43024045,3833
0.44139072,3834
0.44663268,3835
0.43631694,3836
0.43566296,3837
0.44515952,3838
0.44493514,3839
0.43559724,3840
0.44300297,3841
0.4499933,3842
0.43161568,3843
0.42529106,3844
0.42845526,3845
0.42591882,3846
0.4292427,3847
0.41686207,3848
0.39707702,3849
0.40484414,3850
0.40549007,3851
0.39405242,3852
0.3845762,3853
0.38113698,3854
0.36949432,3855
0.35882515,3856
0.35560405,3857
0.3391913,3858
0.3345225,3859
0.3466129,3860
0.3474061,3861
0.3516746,3862
0.3546254,3863
0.35292694,3864
0.359363,3865
0.37652406,3866
0.37048194,3867
0.36607808,3868
0.37872833,3869
0.38490987,3870
0.3858129,3871
0.38754085,3872
0.39244887,3873
0.3954845,3874
0.3982584,3875
0.39927605,3876
0.39560074,3877
0.39755648,3878
0.3935769,3879
0.38685787,3880
0.376953,3881
0.37336114,3882
0.38739413,3883
0.38649064,3884
0.39295277,3885
0.39041355,3886
0.4083773,3887
0.40899146,3888
0.39745688,3889
0.35455078,3890
0.36360914,3891
0.35535088,3892
0.3558418,3893
0.345384,3894
0.34300977,3895
0.3485178,3896
0.34933913,3897
0.3514464,3898
0.35205662,3899
0.36556494,3900
0.36481804,3901
0.37015453,3902
0.3547839,3903
0.35702977,3904
0.3488823,3905
0.34900123,3906
0.34549388,3907
0.3517854,3908
0.3641916,3909
0.36868954,3910
0.36586937,3911
0.3722745,3912
0.3721505,3913
0.3805069,3914
0.3878598,3915
0.38830528,3916
0.38580582,3917
0.38722855,3918
0.3851851,3919
0.37555012,3920
0.38671756,3921
0.39264253,3922
0.38346022,3923
0.38906652,3924
0.38328704,3925
0.38361314,3926
0.37493202,3927
0.37225494,3928
0.3612563,3929
0.36390185,3930
0.36933655,3931
0.3662216,3932
0.3613374,3933
0.3479327,3934
0.3394278,3935
0.33526418,3936
0.3410754,3937
0.34706098,3938
0.34210336,3939
0.33084038,3940
0.32031274,3941
0.30908325,3942
0.3137375,3943
0.31061742,3944
0.31880572,3945
0.32335687,3946
0.32189715,3947
0.324502,3948
0.33257338,3949
0.32884935,3950
0.31501058,3951
0.31451476,3952
0.313145,3953
0.32295817,3954
0.33176482,3955
0.3308133,3956
0.3338826,3957
0.32675847,3958
0.34171295,3959
0.36518356,3960
0.3706906,3961
0.38214087,3962
0.38434014,3963
0.3980515,3964
0.41663414,3965
0.4213254,3966
0.44178435,3967
0.4357888,3968
0.43047985,3969
0.43034482,3970
0.4913285,3971
0.48250276,3972
0.47476754,3973
0.45945287,3974
0.45323136,3975
0.46169198,3976
0.4568921,3977
0.4641371,3978
0.4846254,3979
0.4674906,3980
0.46047378,3981
0.44808644,3982
0.45034382,3983
0.44300187,3984
0.42350397,3985
0.4354079,3986
0.42507812,3987
0.4179412,3988
0.42288777,3989
0.43452662,3990
0.37525913,3991
0.38304183,3992
0.4213968,3993
0.43495038,3994
0.44201928,3995
0.43157098,3996
0.44054973,3997
0.4509221,3998
0.43106803,3999
0.43387276,4000
0.43358323,4001
0.43028244,4002
0.4449996,4003
0.46459404,4004
0.47410437,4005
0.469193,4006
0.48980513,4007
0.49789414,4008
0.5050686,4009
0.48779124,4010
0.48804542,4011
0.4946413,4012
0.47722417,4013
0.48473316,4014
0.4832581,4015
0.48925892,4016
0.50913805,4017
0.4842938,4018
0.4745857,4019
0.49189958,4020
0.5133763,4021
0.5211704,4022
0.51061124,4023
0.50860643,4024
0.4896878,4025
0.47162712,4026
0.45058337,4027
0.45049804,4028
0.44292822,4029
0.43774587,4030
0.43980744,4031
0.43236977,4032
0.43341696,4033
0.4215814,4034
0.43843558,4035
0.43573186,4036
0.41753265,4037
0.43005103,4038
0.44042504,4039
0.43320817,4040
0.42189735,4041
0.41302535,4042
0.4176908,4043
0.39082733,4044
0.4059937,4045
0.412676,4046
0.41829,4047
0.45071185,4048
0.4483167,4049
0.46519303,4050
0.46066856,4051
0.4635198,4052
0.46078286,4053
0.45521572,4054
0.43650302,4055
0.440165,4056
0.4258863,4057
0.42526582,4058
0.41895092,4059
0.41948417,4060
0.422955,4061
0.42089576,4062
0.41434366,4063
0.4109571,4064
0.41289613,4065
0.41099805,4066
0.42061096,4067
0.38018522,4068
0.37466612,4069
0.38425285,4070
0.38380477,4071
0.3860519,4072
0.3905216,4073
0.40675944,4074
0.43307918,4075
0.44986972,4076
0.44778004,4077
0.4382527,4078
0.43638614,4079
0.43656856,4080
0.44587412,4081
0.44922736,4082
0.458992,4083
0.4740464,4084
0.4687132,4085
0.47077262,4086
1.3383328,4087
1.495441,4088
1.8257958,4089
1.9430612,4090
2.107811,4091
2.2942886,4092
2.383527,4093
2.503583,4094
2.6718764,4095
2.7891653,4096
2.9163892,4097
3.1964424,4098
3.3268266,4099
3.8491058,4100
3.8702567,4101
3.901184,4102
3.90996,4103
3.9050128,4104
3.8875697,4105
3.8954492,4106
3.0716794,4107
2.963172,4108
2.6270542,4109
2.5220995,4110
2.406398,4111
2.2089398,4112
2.0936768,4113
1.9562819,4114
1.7423031,4115
1.6504482,4116
1.5501723,4117
1.1408358,4118
0.9170161,4119
0.41963595,4120
0.41428632,4121
0.41882336,4122
0.40685508,4123
0.40826032,4124
0.41067162,4125
0.43071055,4126
0.43124953,4127
0.45014808,4128
0.4472645,4129
0.4426806,4130
0.4208736,4131
0.42038655,4132
0.4193064,4133
0.4268054,4134
0.41772687,4135
0.4066121,4136
0.401559,4137
0.3857863,4138
0.3825501,4139
0.38003895,4140
0.3789072,4141
0.3800155,4142
0.37483293,4143
0.37377888,4144
0.373874,4145
0.36292458,4146
0.3669579,4147
0.3677796,4148
0.37241623,4149
0.39563382,4150
0.39583248,4151
0.39739618,4152
0.4062499,4153
0.40389863,4154
0.4045854,4155
0.39800686,4156
0.39062294,4157
0.39334652,4158
0.390279,4159
0.7639698,4160
1.0177243,4161
1.1294447,4162
1.2958869,4163
1.4405173,4164
1.5595117,4165
1.8644781,4166
1.9648728,4167
2.116942,4168
2.2495272,4169
2.3639102,4170
2.498963,4171
2.656266,4172
2.8692024,4173
3.0136607,4174
3.1369715,4175
3.4534826,4176
3.577871,4177
3.7191443,4178
3.9844239,4179
3.7710516,4180
3.6808035,4181
3.8047554,4182
3.8255873,4183
3.8598046,4184
3.9045277,4185
3.7248445,4186
3.7504835,4187
3.7074714,4188
3.9177082,4189
3.935078,4190
3.9434233,4191
3.9156568,4192
3.796951,4193
3.7887008,4194
4.014945,4195
3.8259115,4196
3.8386893,4197
3.8745236,4198
3.74337,4199
3.730836,4200
3.733817,4201
3.6029978,4202
3.5922992,4203
3.56421,4204
3.52858,4205
3.5246224,4206
3.5366461,4207
3.5742185,4208
3.3736298,4209
3.3953815,4210
3.4143896,4211
3.4480696,4212
3.4881964,4213
3.5815454,4214
3.399074,4215
3.4037955,4216
3.6024303,4217
3.5386255,4218
3.5659533,4219
3.6013489,4220
3.6129143,4221
3.6223316,4222
3.6356514,4223
3.61808,4224
3.5953226,4225
3.7469635,4226
3.728568,4227
3.716881,4228
3.785415,4229
3.749081,4230
3.7683487,4231
3.7638934,4232
3.9046082,4233
3.8510382,4234
3.8438525,4235
3.8758924,4236
3.8657296,4237
3.914424,4238
